USE [University]
GO
/****** Object:  Table [dbo].[__MigrationHistory]    Script Date: 1/4/2015 12:58:09 PM ******/
SET ANSI_NULLS ON
GO
SET QUOTED_IDENTIFIER ON
GO
SET ANSI_PADDING ON
GO
CREATE TABLE [dbo].[__MigrationHistory](
	[MigrationId] [nvarchar](150) NOT NULL,
	[ContextKey] [nvarchar](300) NOT NULL,
	[Model] [varbinary](max) NOT NULL,
	[ProductVersion] [nvarchar](32) NOT NULL,
 CONSTRAINT [PK_dbo.__MigrationHistory] PRIMARY KEY CLUSTERED 
(
	[MigrationId] ASC,
	[ContextKey] ASC
)WITH (PAD_INDEX = OFF, STATISTICS_NORECOMPUTE = OFF, IGNORE_DUP_KEY = OFF, ALLOW_ROW_LOCKS = ON, ALLOW_PAGE_LOCKS = ON) 
)

GO
SET ANSI_PADDING OFF
GO
/****** Object:  Table [dbo].[Course]    Script Date: 1/4/2015 12:58:09 PM ******/
SET ANSI_NULLS ON
GO
SET QUOTED_IDENTIFIER ON
GO
CREATE TABLE [dbo].[Course](
	[CourseId] [int] NOT NULL,
	[Title] [nvarchar](50) NULL,
	[Credits] [int] NOT NULL,
	[DepartmentId] [int] NOT NULL,
 CONSTRAINT [PK_dbo.Course] PRIMARY KEY CLUSTERED 
(
	[CourseId] ASC
)WITH (PAD_INDEX = OFF, STATISTICS_NORECOMPUTE = OFF, IGNORE_DUP_KEY = OFF, ALLOW_ROW_LOCKS = ON, ALLOW_PAGE_LOCKS = ON) 
) 

GO
/****** Object:  Table [dbo].[CourseInstructor]    Script Date: 1/4/2015 12:58:09 PM ******/
SET ANSI_NULLS ON
GO
SET QUOTED_IDENTIFIER ON
GO
CREATE TABLE [dbo].[CourseInstructor](
	[CourseID] [int] NOT NULL,
	[InstructorID] [int] NOT NULL,
 CONSTRAINT [PK_dbo.CourseInstructor] PRIMARY KEY CLUSTERED 
(
	[CourseID] ASC,
	[InstructorID] ASC
)WITH (PAD_INDEX = OFF, STATISTICS_NORECOMPUTE = OFF, IGNORE_DUP_KEY = OFF, ALLOW_ROW_LOCKS = ON, ALLOW_PAGE_LOCKS = ON) 
) 

GO
/****** Object:  Table [dbo].[Department]    Script Date: 1/4/2015 12:58:09 PM ******/
SET ANSI_NULLS ON
GO
SET QUOTED_IDENTIFIER ON
GO
CREATE TABLE [dbo].[Department](
	[DepartmentId] [int] IDENTITY(1,1) NOT NULL,
	[Name] [nvarchar](50) NULL,
	[Budget] [money] NOT NULL,
	[StartDate] [datetime] NOT NULL,
	[InstructorId] [int] NULL,
 CONSTRAINT [PK_dbo.Department] PRIMARY KEY CLUSTERED 
(
	[DepartmentId] ASC
)WITH (PAD_INDEX = OFF, STATISTICS_NORECOMPUTE = OFF, IGNORE_DUP_KEY = OFF, ALLOW_ROW_LOCKS = ON, ALLOW_PAGE_LOCKS = ON) 
) 

GO
/****** Object:  Table [dbo].[Enrollment]    Script Date: 1/4/2015 12:58:09 PM ******/
SET ANSI_NULLS ON
GO
SET QUOTED_IDENTIFIER ON
GO
CREATE TABLE [dbo].[Enrollment](
	[EnrollmentId] [int] IDENTITY(1,1) NOT NULL,
	[CourseId] [int] NOT NULL,
	[StudentId] [int] NOT NULL,
	[Grade] [int] NULL,
 CONSTRAINT [PK_dbo.Enrollment] PRIMARY KEY CLUSTERED 
(
	[EnrollmentId] ASC
)WITH (PAD_INDEX = OFF, STATISTICS_NORECOMPUTE = OFF, IGNORE_DUP_KEY = OFF, ALLOW_ROW_LOCKS = ON, ALLOW_PAGE_LOCKS = ON) 
) 

GO
/****** Object:  Table [dbo].[Instructor]    Script Date: 1/4/2015 12:58:09 PM ******/
SET ANSI_NULLS ON
GO
SET QUOTED_IDENTIFIER ON
GO
CREATE TABLE [dbo].[Instructor](
	[ID] [int] IDENTITY(1,1) NOT NULL,
	[LastName] [nvarchar](50) NOT NULL,
	[FirstName] [nvarchar](50) NOT NULL,
	[HireDate] [datetime] NOT NULL,
 CONSTRAINT [PK_dbo.Instructor] PRIMARY KEY CLUSTERED 
(
	[ID] ASC
)WITH (PAD_INDEX = OFF, STATISTICS_NORECOMPUTE = OFF, IGNORE_DUP_KEY = OFF, ALLOW_ROW_LOCKS = ON, ALLOW_PAGE_LOCKS = ON) 
) 

GO
/****** Object:  Table [dbo].[OfficeAssignment]    Script Date: 1/4/2015 12:58:09 PM ******/
SET ANSI_NULLS ON
GO
SET QUOTED_IDENTIFIER ON
GO
CREATE TABLE [dbo].[OfficeAssignment](
	[InstructorId] [int] NOT NULL,
	[Location] [nvarchar](50) NULL,
 CONSTRAINT [PK_dbo.OfficeAssignment] PRIMARY KEY CLUSTERED 
(
	[InstructorId] ASC
)WITH (PAD_INDEX = OFF, STATISTICS_NORECOMPUTE = OFF, IGNORE_DUP_KEY = OFF, ALLOW_ROW_LOCKS = ON, ALLOW_PAGE_LOCKS = ON) 
) 

GO
/****** Object:  Table [dbo].[Student]    Script Date: 1/4/2015 12:58:09 PM ******/
SET ANSI_NULLS ON
GO
SET QUOTED_IDENTIFIER ON
GO
CREATE TABLE [dbo].[Student](
	[Id] [int] IDENTITY(1,1) NOT NULL,
	[LastName] [nvarchar](50) NOT NULL,
	[FirstName] [nvarchar](50) NOT NULL,
	[EnrollmentDate] [datetime] NOT NULL,
 CONSTRAINT [PK_dbo.Student] PRIMARY KEY CLUSTERED 
(
	[Id] ASC
)WITH (PAD_INDEX = OFF, STATISTICS_NORECOMPUTE = OFF, IGNORE_DUP_KEY = OFF, ALLOW_ROW_LOCKS = ON, ALLOW_PAGE_LOCKS = ON) 
) 

GO
INSERT [dbo].[__MigrationHistory] ([MigrationId], [ContextKey], [Model], [ProductVersion]) VALUES (N'201411020318204_InitialCreate', N'University.Data.Entities.UniversityContext', 0x1F8B0800000000000400ED5DDB6EE436127D5F20FF20E83140DCB62701B283EE049EB69D183B1E0FA69DBC0E6889DD1656A23A12DBB0BF2D0FFB49FB0B4B76EBC2FBADD5B7645F129B2A168BC5C3621559E5F9EF9FFF19FFFC5AE4D10BACEAAC4493F8E2EC3C8E204ACA34438B49BCC2F3EF7E8C7FFEE99B7F8C6FD2E235FABDA57B47E9484F544FE2678C97EF47A33A798605A8CF8A2CA9CABA9CE3B3A42C46202D4797E7E7FF1C5D5C8C206111135E5134FEB242382BE0FA17F2EBB444095CE215C8EFCB14E675D34EBECCD65CA34FA080F512247012FF86B2B5B8F8EDEC1A6070764338E10CD67174956780C83383F93C8E004225069848FBFEB71ACE7055A2C56C491A40FEF8B684846E0EF21A36B378DF93BB4EE8FC924E68D4770C5248DC4D954C763D95372ADE7AC293785AAE2A22234343A8FE05DFB806D2F4B92A97B0C26F5FE09CEB7997C6D188EF3D12BB779DA59E5490497C87F0BBCB38FAB4CA73F094C34E6F8C8267B8ACE02F10C10A60987E0618C38AE8F15389A034BE30DA638673D80E455689C02E8EEEC1EB478816F87912FF4070769BBDC2B46D684627282020257D70B5B20E32AD609AE1DA362333936BB804152E20C276DD089C3E81976CB1569596671C7D81F99AA47ECE961B109FF59FBF6E56854CE1B62A8B2F65CE756EBF7E7D04D502125E8FA5966446FE9F78887883AA32CF298B5A2963FFBD19821551FA28492853F80A78876A82818440502D60C39623EB2594BF7602B4222A48DA59B0328E47FDF6356E6A66D10336360F43DFCDED0362FB06BF4BE17A72B6AD43FFBBEB3DFE61956E80B51EE51A265901F238FA5C919F9AB3EDC7389A2580CED07FF7CF30D11B396FBA79D09F1F333A2F4F4E3D8EA4257085FC555A6428236C00E162B31C02B1D27E7034D206D012AAB68149EECE880D61EB0C528AE630689BF6EB14B24DEFAEFD3727EDB3AF2DF911D478986DE909FFDBAC3AD0C8BF66150CDBC14180F63E77C4A3D17034B9CAF7309F6709BCAAEB6C81B45E8648C48CC84A6C20934437D1AAE6E0BC29A509856C4DCE007B6F52BDF9F6C4E3C73269E286814F460757695740108DB20B688280D0FB8D2110E87B874080EFBD2F8BED1A97D9FC98551A12C2086C7EA940DA5B700A9EA6C5CF720E11518890D3C71CAEB2353A520AD77CFBCA8545BD788ACF927154D16C65145B79436C618805DC23E8FF866E4A0F8B819D155B241F006D71EF99E0EF06ED55C100BBB12977F56D0E1635A3DF1456F91B590E1686BC16EE61F104AB365E8AA3DF41BE223F9D4BEAE2083F74841766C2694728876D1CE17547F8CE4C78DB117E2FEB6AA315B6911CA96592AD9750E31A7DD5063037288D3C8EF2DEC6CBEEE4FD2AC7D932CF12B29844BB6767B2DEDC46EB8C643F1AEB7DF0E3C883108B062B6A52403E2D693F90212C9BBF0C25D912E4EEF2082C1C433DBA68DD60E21712A742447789FB1A384961F06AA93CDDB082B5B7696E3C62A06646A0F6D2410708FB0D448F06F6AA9447C3B706C859AF2E9CF0A6C47510E46CF2EC016F36A59F1ED8DA28DC0104D2E5910BC02E449D8C1FD035CC2186D155B279329A823A51F9BFC476A71E622950D9BAC036CC6F0B4741332E28305D45874252D0C41062EC018C72C8A25B7443FCD2AF3913DC7AD83AC3638B0D4E83223C08895AE15D10A07BECF402A17665B695600FF853B9EE3A9818FDF81E285D10BC175B688C9BC33646100C0DCA713A17B783A0410B2EA333773B0741A1E2C65BB7DEA66757FFB3CFC8D7CBD3FB568CBD3493DF84AF446198A8AB8BE1FAD414FA05BE8A57329B5E3388C5E7833E1A16662E4D9467D01F7D2A26AC476361C4BD52488C587D591889D18C8A9D1C465A98723712123BD6285818353B44C5A5B377020B0600FA597237E54C0F878B7571A3FA05E7DD04959A97AC805F2CCE30E7F021DA755E450EEAD3BF4ECBBA730B2AFDC24A6662DC0E32E8CB1A48EE43599DBD30AA49190EB90644DBA9468C63186E9DEC5B2B44F13E20EBC3E2913BFAE48CFC9C0D326843EF85EF4419CA4B5B591D5607D1D9456466D15B53833E4C9E9D9B7A03B4A27A7B979562F3575C3D16FBC2BAFA285B1B91F662BDF34CBA6FE3D12695B669188F3439B7E37BB05C6668C1E4E0362DD16C93803BFD6EE69FEA5A6C788C124EC7A21FD58D44A60D1650F84A5597C2F5CB0CCDFC7D0274EB4FD3422273F6C3DAF178774C5EBAD65768E9E9CFA2CBC767239FA9AD4EAFCD5B32410AF7F55CA10421B9634493A1410E2AEDBBF0B4CC5705B205A47A4E4D2E2ECBA66972E7D1A5DA72C2B48DEE7CF84B1D9699F9BA87225BD0B0140A49EB29C5A93C3C9CC0C39E968300489726EA042253E7E155AEE3B8793F65396D5ADC39B4599D2C8FB6CD9D0B93BCC932629ADD79F157DF2C3BF3A5F8C180693EDE0280A90F5E1C8069EAAC55F9B5A068C50388BE779F42C0F2E85BDD393139012C2BA6D99D579F8CC8B2EA5B8F063E7258390888CC897C4E50B2B3187E0F6B41D6E5F27120EB5A8F6639CD0140C042EA12F19C96D0D459A76A3EFB8E55B729ABCFC471380F8AB981E50F1AEDC5AC9E5793FCC2F251E6D81D104C5D0038089294696C4E30D2F6D41A0071DBFB6DF6A33C51C4BC31F5CE38D4E9C247ACAAB88B8FD69D232CBE9B3A98325FB72AAD812AD09795E66F4E94B91B8C1041F269DF88DCDCA9FECCF3924EBC8690D75DBA8D10493AD475B712C2EDC3B8B909B097054B57031B125A0156BE6429BD1698BDD518161B14CDFEC8A779B6BEF06F09EE01CAE6B0C68FE5BF219AC497E71797424D71407DEFA8AED3FCF88B7C33AA08CF4455AE7417BD802A7906959420DB330DA8D40D114B55E268E773B2D59BEBA959B3AC3D75C8263E0FB4B27C7D665122E82F96548499929FF15045980248E4499D44E9E04EF020A6E13B60222CCB7E28C662AD9F23504EBC0E2DC45C8A556841DBFD64CBB676B25B86385CA53AAD10265C95D670E6ED60F546FFB76DAA606E3716CE1C3979F9A7AAA8C2680E030EC07EA8F0EDC24BB0ADE7384C850E9B5814581BA34FFAD9BEB82728C9D2F880B0F3FA9A132C7070ABA6F1868AA55C8B4D1F0C2CC4390178189F598F1D18EE952F872D7569F3B4F65FD7B2DF42166DD2C78957AD38AFDF8EF0C3A6F8EEB31CC0633D07AE41F98B569D1CB0C4E45018D23F6B0D5E3FE2099FE3AB1751BEB41C911D9282225912E7DA9253B149B62734DFC8EF40C852BD916D1767FD6511B65F073C085FB637CBC131263C64763813F391C57555157C19EABD368F9693387D2AC9CA6FEE1CBC6BC12CA560AA31824AC52C9562AA71B6A824732A24538DB945B999A5DA4C359A7F359AA9184D3582AE524D0D36E372C9247A001A96EE703572F2ECC42C539F2238633DDDF1D7BD6DA70CD97E8899E4475ECBE628B6D2A1647A6ACCED11D4A9390BAB8D7B989E063B755C5568AA92B3834FD8500DE65267A6C928DB7AAD75265F9D0BB71335B4A56C4E6A5027AE0D66D276A50E8F2A3B397F8D38A1CC3F7E41DC617AC0742CE83F858160C2B99F1DCD1D9A97AD2F2C48D492084F5AF7108394F8A65715CEE620C1E47302C99146FF9261F3E7E66E8A2798DEA187155EAE3099322C9E72EEEF32526FDA34FEBA94909779FCB05CFF71C121A640C4CCE8E3E603FAB0CAF2B493FB56F114A76141DDF4E6C598AE253D48E1E2ADE324FF3B153A468DFABAE8E21116CB9C30AB1FD00CBC40BD6C761DF21A1B5F67605181A26E78F4FDC9AF047E69F1FAD3FF0020D70167BE650000, N'6.0.0-20911')
INSERT [dbo].[Course] ([CourseId], [Title], [Credits], [DepartmentId]) VALUES (1045, N'Calculus', 4, 2)
INSERT [dbo].[Course] ([CourseId], [Title], [Credits], [DepartmentId]) VALUES (1050, N'Chemistry', 3, 3)
INSERT [dbo].[Course] ([CourseId], [Title], [Credits], [DepartmentId]) VALUES (2021, N'Composition', 3, 1)
INSERT [dbo].[Course] ([CourseId], [Title], [Credits], [DepartmentId]) VALUES (2042, N'Literature', 4, 1)
INSERT [dbo].[Course] ([CourseId], [Title], [Credits], [DepartmentId]) VALUES (3141, N'Trigonometry', 4, 2)
INSERT [dbo].[Course] ([CourseId], [Title], [Credits], [DepartmentId]) VALUES (4022, N'Microeconomics', 3, 4)
INSERT [dbo].[Course] ([CourseId], [Title], [Credits], [DepartmentId]) VALUES (4041, N'Macroeconomics', 3, 4)
INSERT [dbo].[CourseInstructor] ([CourseID], [InstructorID]) VALUES (2021, 1)
INSERT [dbo].[CourseInstructor] ([CourseID], [InstructorID]) VALUES (2042, 1)
INSERT [dbo].[CourseInstructor] ([CourseID], [InstructorID]) VALUES (1045, 2)
INSERT [dbo].[CourseInstructor] ([CourseID], [InstructorID]) VALUES (1050, 3)
INSERT [dbo].[CourseInstructor] ([CourseID], [InstructorID]) VALUES (3141, 3)
INSERT [dbo].[CourseInstructor] ([CourseID], [InstructorID]) VALUES (1050, 4)
INSERT [dbo].[CourseInstructor] ([CourseID], [InstructorID]) VALUES (4022, 5)
INSERT [dbo].[CourseInstructor] ([CourseID], [InstructorID]) VALUES (4041, 5)
SET IDENTITY_INSERT [dbo].[Department] ON 

INSERT [dbo].[Department] ([DepartmentId], [Name], [Budget], [StartDate], [InstructorId]) VALUES (1, N'English', 350000.0000, CAST(0x0000999C00000000 AS DateTime), 1)
INSERT [dbo].[Department] ([DepartmentId], [Name], [Budget], [StartDate], [InstructorId]) VALUES (2, N'Mathematics', 100000.0000, CAST(0x0000999C00000000 AS DateTime), 2)
INSERT [dbo].[Department] ([DepartmentId], [Name], [Budget], [StartDate], [InstructorId]) VALUES (3, N'Engineering', 350000.0000, CAST(0x0000999C00000000 AS DateTime), 3)
INSERT [dbo].[Department] ([DepartmentId], [Name], [Budget], [StartDate], [InstructorId]) VALUES (4, N'Economics', 100000.0000, CAST(0x0000999C00000000 AS DateTime), 4)
SET IDENTITY_INSERT [dbo].[Department] OFF
SET IDENTITY_INSERT [dbo].[Enrollment] ON 

INSERT [dbo].[Enrollment] ([EnrollmentId], [CourseId], [StudentId], [Grade]) VALUES (1, 1050, 1, 0)
INSERT [dbo].[Enrollment] ([EnrollmentId], [CourseId], [StudentId], [Grade]) VALUES (2, 4022, 1, 2)
INSERT [dbo].[Enrollment] ([EnrollmentId], [CourseId], [StudentId], [Grade]) VALUES (3, 4041, 1, 1)
INSERT [dbo].[Enrollment] ([EnrollmentId], [CourseId], [StudentId], [Grade]) VALUES (4, 1045, 2, 1)
INSERT [dbo].[Enrollment] ([EnrollmentId], [CourseId], [StudentId], [Grade]) VALUES (5, 3141, 2, 1)
INSERT [dbo].[Enrollment] ([EnrollmentId], [CourseId], [StudentId], [Grade]) VALUES (6, 2021, 2, 1)
INSERT [dbo].[Enrollment] ([EnrollmentId], [CourseId], [StudentId], [Grade]) VALUES (7, 1050, 3, NULL)
INSERT [dbo].[Enrollment] ([EnrollmentId], [CourseId], [StudentId], [Grade]) VALUES (8, 4022, 3, 1)
INSERT [dbo].[Enrollment] ([EnrollmentId], [CourseId], [StudentId], [Grade]) VALUES (9, 1050, 4, 1)
INSERT [dbo].[Enrollment] ([EnrollmentId], [CourseId], [StudentId], [Grade]) VALUES (10, 2021, 5, 1)
INSERT [dbo].[Enrollment] ([EnrollmentId], [CourseId], [StudentId], [Grade]) VALUES (11, 2042, 6, 1)
SET IDENTITY_INSERT [dbo].[Enrollment] OFF
SET IDENTITY_INSERT [dbo].[Instructor] ON 

INSERT [dbo].[Instructor] ([ID], [LastName], [FirstName], [HireDate]) VALUES (1, N'Abercrombie', N'Kim', CAST(0x000087CF00000000 AS DateTime))
INSERT [dbo].[Instructor] ([ID], [LastName], [FirstName], [HireDate]) VALUES (2, N'Fakhouri', N'Fadi', CAST(0x0000924100000000 AS DateTime))
INSERT [dbo].[Instructor] ([ID], [LastName], [FirstName], [HireDate]) VALUES (3, N'Harui', N'Roger', CAST(0x00008C8700000000 AS DateTime))
INSERT [dbo].[Instructor] ([ID], [LastName], [FirstName], [HireDate]) VALUES (4, N'Kapoor', N'Candace', CAST(0x0000902800000000 AS DateTime))
INSERT [dbo].[Instructor] ([ID], [LastName], [FirstName], [HireDate]) VALUES (5, N'Zheng', N'Roger', CAST(0x0000948B00000000 AS DateTime))
SET IDENTITY_INSERT [dbo].[Instructor] OFF
INSERT [dbo].[OfficeAssignment] ([InstructorId], [Location]) VALUES (2, N'Smith 17')
INSERT [dbo].[OfficeAssignment] ([InstructorId], [Location]) VALUES (3, N'Gowan 27')
INSERT [dbo].[OfficeAssignment] ([InstructorId], [Location]) VALUES (4, N'Thompson 304')
SET IDENTITY_INSERT [dbo].[Student] ON 

INSERT [dbo].[Student] ([Id], [LastName], [FirstName], [EnrollmentDate]) VALUES (1, N'Alexander5551', N'Carson', CAST(0x00009DEB016D91F0 AS DateTime))
INSERT [dbo].[Student] ([Id], [LastName], [FirstName], [EnrollmentDate]) VALUES (2, N'Alonso1', N'Meredith', CAST(0x0000A0BC00000000 AS DateTime))
INSERT [dbo].[Student] ([Id], [LastName], [FirstName], [EnrollmentDate]) VALUES (3, N'Anand', N'Arturo', CAST(0x0000A22C00000000 AS DateTime))
INSERT [dbo].[Student] ([Id], [LastName], [FirstName], [EnrollmentDate]) VALUES (4, N'Barzdukas', N'Gytis', CAST(0x0000A0BF00000000 AS DateTime))
INSERT [dbo].[Student] ([Id], [LastName], [FirstName], [EnrollmentDate]) VALUES (5, N'Li', N'Yan', CAST(0x0000A0BF00000000 AS DateTime))
INSERT [dbo].[Student] ([Id], [LastName], [FirstName], [EnrollmentDate]) VALUES (6, N'Justice', N'Peggy', CAST(0x00009F5100000000 AS DateTime))
INSERT [dbo].[Student] ([Id], [LastName], [FirstName], [EnrollmentDate]) VALUES (7, N'Norman', N'Laura', CAST(0x0000A22C00000000 AS DateTime))
INSERT [dbo].[Student] ([Id], [LastName], [FirstName], [EnrollmentDate]) VALUES (8, N'Olivetto', N'Nino', CAST(0x000096C200000000 AS DateTime))
INSERT [dbo].[Student] ([Id], [LastName], [FirstName], [EnrollmentDate]) VALUES (9, N'Bates', N'Brenton', CAST(0x0000A3F000000000 AS DateTime))
SET IDENTITY_INSERT [dbo].[Student] OFF
/****** Object:  Index [IX_DepartmentId]    Script Date: 1/4/2015 12:58:09 PM ******/
CREATE NONCLUSTERED INDEX [IX_DepartmentId] ON [dbo].[Course]
(
	[DepartmentId] ASC
)WITH (PAD_INDEX = OFF, STATISTICS_NORECOMPUTE = OFF, SORT_IN_TEMPDB = OFF, DROP_EXISTING = OFF, ONLINE = OFF, ALLOW_ROW_LOCKS = ON, ALLOW_PAGE_LOCKS = ON) 
GO
/****** Object:  Index [IX_CourseID]    Script Date: 1/4/2015 12:58:09 PM ******/
CREATE NONCLUSTERED INDEX [IX_CourseID] ON [dbo].[CourseInstructor]
(
	[CourseID] ASC
)WITH (PAD_INDEX = OFF, STATISTICS_NORECOMPUTE = OFF, SORT_IN_TEMPDB = OFF, DROP_EXISTING = OFF, ONLINE = OFF, ALLOW_ROW_LOCKS = ON, ALLOW_PAGE_LOCKS = ON) 
GO
/****** Object:  Index [IX_InstructorID]    Script Date: 1/4/2015 12:58:09 PM ******/
CREATE NONCLUSTERED INDEX [IX_InstructorID] ON [dbo].[CourseInstructor]
(
	[InstructorID] ASC
)WITH (PAD_INDEX = OFF, STATISTICS_NORECOMPUTE = OFF, SORT_IN_TEMPDB = OFF, DROP_EXISTING = OFF, ONLINE = OFF, ALLOW_ROW_LOCKS = ON, ALLOW_PAGE_LOCKS = ON) 
GO
/****** Object:  Index [IX_InstructorId]    Script Date: 1/4/2015 12:58:09 PM ******/
CREATE NONCLUSTERED INDEX [IX_InstructorId] ON [dbo].[Department]
(
	[InstructorId] ASC
)WITH (PAD_INDEX = OFF, STATISTICS_NORECOMPUTE = OFF, SORT_IN_TEMPDB = OFF, DROP_EXISTING = OFF, ONLINE = OFF, ALLOW_ROW_LOCKS = ON, ALLOW_PAGE_LOCKS = ON) 
GO
/****** Object:  Index [IX_CourseId]    Script Date: 1/4/2015 12:58:09 PM ******/
CREATE NONCLUSTERED INDEX [IX_CourseId] ON [dbo].[Enrollment]
(
	[CourseId] ASC
)WITH (PAD_INDEX = OFF, STATISTICS_NORECOMPUTE = OFF, SORT_IN_TEMPDB = OFF, DROP_EXISTING = OFF, ONLINE = OFF, ALLOW_ROW_LOCKS = ON, ALLOW_PAGE_LOCKS = ON) 
GO
/****** Object:  Index [IX_StudentId]    Script Date: 1/4/2015 12:58:09 PM ******/
CREATE NONCLUSTERED INDEX [IX_StudentId] ON [dbo].[Enrollment]
(
	[StudentId] ASC
)WITH (PAD_INDEX = OFF, STATISTICS_NORECOMPUTE = OFF, SORT_IN_TEMPDB = OFF, DROP_EXISTING = OFF, ONLINE = OFF, ALLOW_ROW_LOCKS = ON, ALLOW_PAGE_LOCKS = ON) 
GO
/****** Object:  Index [IX_InstructorId]    Script Date: 1/4/2015 12:58:09 PM ******/
CREATE NONCLUSTERED INDEX [IX_InstructorId] ON [dbo].[OfficeAssignment]
(
	[InstructorId] ASC
)WITH (PAD_INDEX = OFF, STATISTICS_NORECOMPUTE = OFF, SORT_IN_TEMPDB = OFF, DROP_EXISTING = OFF, ONLINE = OFF, ALLOW_ROW_LOCKS = ON, ALLOW_PAGE_LOCKS = ON) 
GO
ALTER TABLE [dbo].[Course]  WITH CHECK ADD  CONSTRAINT [FK_dbo.Course_dbo.Department_DepartmentId] FOREIGN KEY([DepartmentId])
REFERENCES [dbo].[Department] ([DepartmentId])
ON DELETE CASCADE
GO
ALTER TABLE [dbo].[Course] CHECK CONSTRAINT [FK_dbo.Course_dbo.Department_DepartmentId]
GO
ALTER TABLE [dbo].[CourseInstructor]  WITH CHECK ADD  CONSTRAINT [FK_dbo.CourseInstructor_dbo.Course_CourseID] FOREIGN KEY([CourseID])
REFERENCES [dbo].[Course] ([CourseId])
ON DELETE CASCADE
GO
ALTER TABLE [dbo].[CourseInstructor] CHECK CONSTRAINT [FK_dbo.CourseInstructor_dbo.Course_CourseID]
GO
ALTER TABLE [dbo].[CourseInstructor]  WITH CHECK ADD  CONSTRAINT [FK_dbo.CourseInstructor_dbo.Instructor_InstructorID] FOREIGN KEY([InstructorID])
REFERENCES [dbo].[Instructor] ([ID])
ON DELETE CASCADE
GO
ALTER TABLE [dbo].[CourseInstructor] CHECK CONSTRAINT [FK_dbo.CourseInstructor_dbo.Instructor_InstructorID]
GO
ALTER TABLE [dbo].[Department]  WITH CHECK ADD  CONSTRAINT [FK_dbo.Department_dbo.Instructor_InstructorId] FOREIGN KEY([InstructorId])
REFERENCES [dbo].[Instructor] ([ID])
GO
ALTER TABLE [dbo].[Department] CHECK CONSTRAINT [FK_dbo.Department_dbo.Instructor_InstructorId]
GO
ALTER TABLE [dbo].[Enrollment]  WITH CHECK ADD  CONSTRAINT [FK_dbo.Enrollment_dbo.Course_CourseId] FOREIGN KEY([CourseId])
REFERENCES [dbo].[Course] ([CourseId])
ON DELETE CASCADE
GO
ALTER TABLE [dbo].[Enrollment] CHECK CONSTRAINT [FK_dbo.Enrollment_dbo.Course_CourseId]
GO
ALTER TABLE [dbo].[Enrollment]  WITH CHECK ADD  CONSTRAINT [FK_dbo.Enrollment_dbo.Student_StudentId] FOREIGN KEY([StudentId])
REFERENCES [dbo].[Student] ([Id])
ON DELETE CASCADE
GO
ALTER TABLE [dbo].[Enrollment] CHECK CONSTRAINT [FK_dbo.Enrollment_dbo.Student_StudentId]
GO
ALTER TABLE [dbo].[OfficeAssignment]  WITH CHECK ADD  CONSTRAINT [FK_dbo.OfficeAssignment_dbo.Instructor_InstructorId] FOREIGN KEY([InstructorId])
REFERENCES [dbo].[Instructor] ([ID])
GO
ALTER TABLE [dbo].[OfficeAssignment] CHECK CONSTRAINT [FK_dbo.OfficeAssignment_dbo.Instructor_InstructorId]
GO
USE [master]
GO
ALTER DATABASE [University] SET  READ_WRITE 
GO
